app_name,tf_idf,variable
FileManager,0.387,TF_IDF_39
AndroidAccessibilitySuite,0.386,TF_IDF_39
Music,0.384,TF_IDF_38
GooglePartnerSetup,0.384,TF_IDF_38
com.mediatek,0.383,TF_IDF_38
com.mediatek.ims.ImsApp,0.383,TF_IDF_38
LPPeService,0.383,TF_IDF_38
TikTok,0.382,TF_IDF_38
LocationEM2,0.382,TF_IDF_38
Omacp,0.382,TF_IDF_38
CaptivePortalLogin,0.379,TF_IDF_38
CalendarStorage,0.379,TF_IDF_38
Compass,0.378,TF_IDF_38
GoogleBackupTransport,0.378,TF_IDF_38
GBAService,0.377,TF_IDF_38
StorageManager,0.376,TF_IDF_38
SHAREit,0.376,TF_IDF_38
PackageAccessHelper,0.376,TF_IDF_38
FacebookAppManager,0.375,TF_IDF_38
FacebookAppInstaller,0.375,TF_IDF_38
Duo,0.374,TF_IDF_37
Themes,0.374,TF_IDF_37
aidlserverdemo,0.373,TF_IDF_37
Keychain,0.373,TF_IDF_37
GooglePlayMusic,0.372,TF_IDF_37
FacebookServices,0.371,TF_IDF_37
Email,0.369,TF_IDF_37
SystemMessages,0.368,TF_IDF_37
Shelper,0.367,TF_IDF_37
Lazada,0.365,TF_IDF_36
EngineerCamera,0.365,TF_IDF_36
DiracControlService,0.365,TF_IDF_36
Browser,0.365,TF_IDF_36
Workprofilesetup,0.364,TF_IDF_36
Wallpapers,0.363,TF_IDF_36
Informationservices,0.363,TF_IDF_36
PhoneandMessagingStorage,0.362,TF_IDF_36
AndroidREasterEgg,0.362,TF_IDF_36
WAPIcertificate,0.362,TF_IDF_36
GoogleCalendarSync,0.362,TF_IDF_36
MmsService,0.361,TF_IDF_36
com.google.android.overlay.modules.modulemetadata.forframework,0.361,TF_IDF_36
com.qualcomm.timeservice,0.361,TF_IDF_36
MDMConfig,0.361,TF_IDF_36
SaveBlockedNumbers,0.36,TF_IDF_36
Emergencyinformation,0.359,TF_IDF_36
WifiBackupRestore,0.359,TF_IDF_36
Gesture_MotionServices,0.359,TF_IDF_36
Networkmanager,0.358,TF_IDF_36
com.android.providers.media,0.358,TF_IDF_36
Tethering,0.358,TF_IDF_36
CellBroadcastService,0.358,TF_IDF_36
BlockedNumbersStorage,0.358,TF_IDF_36
Deviceconfiguration,0.358,TF_IDF_36
SystemTracing,0.357,TF_IDF_36
Tags,0.355,TF_IDF_35
LocationServices,0.355,TF_IDF_35
SystemUpgradeServices,0.355,TF_IDF_35
PhoneCall/SMSStorage,0.354,TF_IDF_35
OppoLFEHer,0.354,TF_IDF_35
DebugLoggerUI,0.354,TF_IDF_35
MDMLSample,0.354,TF_IDF_35
LiveWallpaperPicker,0.353,TF_IDF_35
CalibrateTimeZone,0.353,TF_IDF_35
ColorOSSystem,0.353,TF_IDF_35
TelephonyAssist,0.353,TF_IDF_35
Gboard,0.353,TF_IDF_35
com.android.smspush,0.353,TF_IDF_35
Gallery,0.352,TF_IDF_35
com.android.email.partnerprovider,0.352,TF_IDF_35
WirelessSettings,0.351,TF_IDF_35
com.android.vendors.bridge.softsim,0.35,TF_IDF_35
Notes,0.35,TF_IDF_35
Systemupdate,0.35,TF_IDF_35
DefaultPrintService,0.349,TF_IDF_35
com.mediatek.frameworkresoverlay,0.349,TF_IDF_35
E-warrantycard,0.349,TF_IDF_35
com.qualcomm.qcrilmsgtunnel,0.347,TF_IDF_35
com.qualcomm.embms,0.346,TF_IDF_35
RilCap,0.345,TF_IDF_34
GnssDebugReport,0.345,TF_IDF_34
Feedback,0.343,TF_IDF_34
Powermonitor,0.343,TF_IDF_34
com.qualcomm.qti.telephonyservice,0.343,TF_IDF_34
GooglePlayMovies&TV,0.343,TF_IDF_34
OppoDiracService,0.343,TF_IDF_34
WfdService,0.34,TF_IDF_34
GooglePlayGames,0.34,TF_IDF_34
GoogleTV,0.339,TF_IDF_34
Video,0.339,TF_IDF_34
Lite,0.339,TF_IDF_34
com.qti.service.colorservice,0.338,TF_IDF_34
EngineerNetwork,0.337,TF_IDF_34
com.qti.qualcomm.datastatusnotification,0.335,TF_IDF_34
com.qti.dpmserviceapp,0.335,TF_IDF_34
Instagram,0.334,TF_IDF_33
YGPS,0.334,TF_IDF_33
Wi-FiDirect,0.332,TF_IDF_33
atlasService,0.329,TF_IDF_33
com.qualcomm.atfwd,0.328,TF_IDF_33
SpeechservicesbyGoogle,0.327,TF_IDF_33
com.google.android.overlay.gmsconfig,0.327,TF_IDF_33
ConferenceURIDialer,0.326,TF_IDF_33
Sounds,0.326,TF_IDF_33
org.codeaurora.ims,0.326,TF_IDF_33
DeepThinker,0.325,TF_IDF_33
BasicDaydreams,0.324,TF_IDF_32
DeviceInfo,0.323,TF_IDF_32
OpenID,0.323,TF_IDF_32
PowerOffAlarm,0.321,TF_IDF_32
Managenotifications,0.32,TF_IDF_32
SmartThings,0.319,TF_IDF_32
WhatsApp,0.319,TF_IDF_32
MBNTest,0.319,TF_IDF_32
Manual,0.319,TF_IDF_32
iManager,0.317,TF_IDF_32
com.mediatek.batterywarning,0.317,TF_IDF_32
SmartcardService,0.317,TF_IDF_32
Athena,0.316,TF_IDF_32
SAUHelper,0.315,TF_IDF_32
SystemLauncher,0.315,TF_IDF_32
Albums,0.315,TF_IDF_32
vivoaccount,0.315,TF_IDF_32
vivoService,0.315,TF_IDF_32
vivoCloud,0.315,TF_IDF_32
Audioeffect,0.315,TF_IDF_32
Guide,0.315,TF_IDF_32
iWidget,0.315,TF_IDF_32
Powerguardian,0.315,TF_IDF_32
PushNotificationEngine,0.315,TF_IDF_32
NetworkImprove,0.314,TF_IDF_31
Eyecomfort,0.313,TF_IDF_31
com.android.carrierconfig.overlay,0.313,TF_IDF_31
V-Appstore,0.313,TF_IDF_31
Phonemanagement,0.313,TF_IDF_31
com.qualcomm.uimremoteclient,0.312,TF_IDF_31
com.ringclip,0.312,TF_IDF_31
LogCollection,0.31,TF_IDF_31
vivo.com,0.31,TF_IDF_31
AppFilter,0.31,TF_IDF_31
QuickShare,0.309,TF_IDF_31
ANTHALService,0.309,TF_IDF_31
PhotoEditor,0.308,TF_IDF_31
com.mediatek.systemuiresoverlay,0.308,TF_IDF_31
OppoGestureService,0.308,TF_IDF_31
iMusic,0.308,TF_IDF_31
FIDOUAF1.0Client,0.307,TF_IDF_31
FIDOUAF1.0ASM,0.307,TF_IDF_31
Dark,0.307,TF_IDF_31
com.qualcomm.uimremoteserver,0.306,TF_IDF_31
PayMaya,0.306,TF_IDF_31
BackupRestoreRemoteService,0.306,TF_IDF_31
Cellbroadcasts,0.305,TF_IDF_30
Locationpicker,0.305,TF_IDF_30
Diverseengine,0.305,TF_IDF_30
Certificateinstaller,0.304,TF_IDF_30
Radio,0.304,TF_IDF_30
Storeblockednumber,0.304,TF_IDF_30
Clock(widget),0.304,TF_IDF_30
Permanentprocessmanagement,0.304,TF_IDF_30
Search,0.304,TF_IDF_30
Zoom,0.303,TF_IDF_30
NFCService,0.303,TF_IDF_30
PhotoScreensavers,0.303,TF_IDF_30
Weatherstorage,0.303,TF_IDF_30
Securepayment,0.303,TF_IDF_30
VideoDemo,0.303,TF_IDF_30
Launcher,0.302,TF_IDF_30
EasyPesoPro,0.302,TF_IDF_30
healthservice,0.302,TF_IDF_30
S-capture,0.302,TF_IDF_30
Miniscreen,0.302,TF_IDF_30
Atci_service,0.302,TF_IDF_30
VideoPlayer,0.301,TF_IDF_30
Datausage,0.3,TF_IDF_30
Screenshot,0.3,TF_IDF_30
BadgeProvider,0.299,TF_IDF_30
DeviceKeystring,0.299,TF_IDF_30
USBSettings,0.299,TF_IDF_30
AutomationTest,0.299,TF_IDF_30
Servicemode,0.299,TF_IDF_30
ServicemodeRIL,0.299,TF_IDF_30
com.sec.phone,0.299,TF_IDF_30
MTPapplication,0.299,TF_IDF_30
com.sec.bcservice,0.299,TF_IDF_30
Samsungaccount,0.299,TF_IDF_30
TetheringAutomation,0.299,TF_IDF_30
EmergencyProvider,0.299,TF_IDF_30
EmergencyManagerService,0.299,TF_IDF_30
BluetoothTest,0.299,TF_IDF_30
CACertApp,0.299,TF_IDF_30
FuntouchUIEngine,0.299,TF_IDF_30
BSPTest,0.299,TF_IDF_30
NetworkState,0.299,TF_IDF_30
RfToolkit,0.299,TF_IDF_30
E-WarrantyCard,0.299,TF_IDF_30
Viber,0.298,TF_IDF_30
DRParserMode,0.298,TF_IDF_30
ringtonebackup,0.298,TF_IDF_30
TeeService,0.298,TF_IDF_30
Settingsstorage,0.298,TF_IDF_30
KeepNotes,0.298,TF_IDF_30
VoLTEconfig,0.298,TF_IDF_30
MobileLegends:BangBang,0.298,TF_IDF_30
Perso,0.297,TF_IDF_30
Safetyinformation,0.297,TF_IDF_30
AASAservice,0.297,TF_IDF_30
MyFiles,0.297,TF_IDF_30
SoundAlive,0.297,TF_IDF_30
KLMSAgent,0.297,TF_IDF_30
com.qualcomm.qti.remoteSimlockAuth,0.297,TF_IDF_30
com.google.android.overlay.modules.permissioncontroller,0.297,TF_IDF_30
SmartMirroring,0.297,TF_IDF_30
UserExperienceProgram,0.297,TF_IDF_30
vivoDocReader,0.297,TF_IDF_30
Soundpicker,0.296,TF_IDF_30
Samsungsetupwizard,0.296,TF_IDF_30
EnterpriseSimPinService,0.296,TF_IDF_30
DiagMonAgent,0.296,TF_IDF_30
SecurityLogAgent,0.296,TF_IDF_30
NetworkStack,0.296,TF_IDF_30
GoogleLocationHistory,0.296,TF_IDF_30
Samsungtext-to-speechengine,0.295,TF_IDF_29
KusogPera,0.295,TF_IDF_29
com.qualcomm.qti.uim,0.295,TF_IDF_29
Maincomponents,0.295,TF_IDF_29
Factorytest,0.295,TF_IDF_29
UpdateService,0.295,TF_IDF_29
UserGuide,0.294,TF_IDF_29
EpdgTestApp,0.293,TF_IDF_29
CSC,0.293,TF_IDF_29
After-SalesService,0.293,TF_IDF_29
SecVideoEngineService,0.292,TF_IDF_29
CMHProvider,0.292,TF_IDF_29
MDMApp,0.292,TF_IDF_29
KnoxEnrollmentService,0.291,TF_IDF_29
SamsungCloud,0.291,TF_IDF_29
EasyOneHand,0.291,TF_IDF_29
DMApp,0.291,TF_IDF_29
DecryptAssistant,0.291,TF_IDF_29
FileInfo,0.291,TF_IDF_29
PaymentProtection,0.291,TF_IDF_29
GameOptimizingService,0.29,TF_IDF_29
OIDTService,0.29,TF_IDF_29
com.android.cellbroadcastreceiver,0.29,TF_IDF_29
AndroidAuto,0.29,TF_IDF_29
GameWatch,0.29,TF_IDF_29
ContactsBlacklistStorage,0.29,TF_IDF_29
Finder,0.289,TF_IDF_29
Configurationmessage,0.289,TF_IDF_29
SmartSwitchAgent,0.289,TF_IDF_29
WlanTest,0.289,TF_IDF_29
Gestures&motions,0.289,TF_IDF_29
com.google.android.permissioncontroller.overlay.oppo,0.289,TF_IDF_29
com.qualcomm.qti.ims,0.289,TF_IDF_29
ClonePhone,0.289,TF_IDF_29
EasyTouch,0.289,TF_IDF_29
StartupWizard,0.289,TF_IDF_29
SamsungKeyboard,0.288,TF_IDF_29
FindMyMobile,0.288,TF_IDF_29
com.google.android.overlay.gmsgsaconfig,0.288,TF_IDF_29
NetworkStackInProcessResOverlay,0.288,TF_IDF_29
LockscreenPosterService,0.288,TF_IDF_29
Bridge,0.288,TF_IDF_29
ApplicationInstaller,0.287,TF_IDF_29
Netflix,0.287,TF_IDF_29
servicessecurityplugin,0.287,TF_IDF_29
TongitsGo,0.287,TF_IDF_29
IMSSettings,0.286,TF_IDF_29
IMSService,0.286,TF_IDF_29
Devicesecurity,0.286,TF_IDF_29
Videotrimmer,0.286,TF_IDF_29
AppClone,0.286,TF_IDF_29
com.sec.epdg,0.285,TF_IDF_28
Gallerystories,0.285,TF_IDF_28
SmartCall,0.285,TF_IDF_28
Error,0.285,TF_IDF_28
Black,0.285,TF_IDF_28
Globalsearch,0.285,TF_IDF_28
EasyShare,0.285,TF_IDF_28
com.android.wifi.resources.overlay,0.285,TF_IDF_28
AndroidEasterEgg,0.285,TF_IDF_28
WeatherServices,0.285,TF_IDF_28
MyHomeCredit,0.284,TF_IDF_28
ImsLogger,0.284,TF_IDF_28
com.qualcomm.qti.dynamicddsservice,0.284,TF_IDF_28
YouTubeMusic,0.284,TF_IDF_28
OsuLogin,0.284,TF_IDF_28
Purple,0.284,TF_IDF_28
Green,0.284,TF_IDF_28
Space,0.284,TF_IDF_28
Ocean,0.284,TF_IDF_28
Orchid,0.284,TF_IDF_28
DualMessenger,0.283,TF_IDF_28
StickerCenter,0.283,TF_IDF_28
ClipboardSaveService,0.283,TF_IDF_28
SecCamService,0.283,TF_IDF_28
RoundedRectangle,0.283,TF_IDF_28
3ButtonNavigationBar,0.283,TF_IDF_28
Squircle,0.283,TF_IDF_28
NotoSerif/SourceSansPro,0.283,TF_IDF_28
Teardrop,0.283,TF_IDF_28
Cinnamon,0.283,TF_IDF_28
ShortcutBNR,0.282,TF_IDF_28
com.samsung.android.wallpaper.res,0.282,TF_IDF_28
SCPMClient,0.282,TF_IDF_28
WPSOffice,0.281,TF_IDF_28
android.frameworkres.overlay,0.281,TF_IDF_28
2ButtonNavigationBar,0.281,TF_IDF_28
GameCenter,0.281,TF_IDF_28
NetworkStackResOverlay,0.281,TF_IDF_28
Tasktimer,0.281,TF_IDF_28
Photoframe,0.281,TF_IDF_28
Smartmotion,0.281,TF_IDF_28
Superpower-saving,0.281,TF_IDF_28
slocation,0.28,TF_IDF_28
Magnifier,0.28,TF_IDF_28
DQA,0.279,TF_IDF_28
Meet,0.279,TF_IDF_28
CneApp,0.279,TF_IDF_28
Tips,0.279,TF_IDF_28
PrivateSafe,0.279,TF_IDF_28
ControlCenter,0.279,TF_IDF_28
Calendarpendants,0.279,TF_IDF_28
vendor.qti.iwlan,0.278,TF_IDF_28
IdentificationofUnknownNumbers,0.278,TF_IDF_28
EmergencySOS,0.278,TF_IDF_28
com.oppo.qualityprotect,0.278,TF_IDF_28
ContactsBlacklist/Whitelist,0.277,TF_IDF_28
MyOPPO,0.277,TF_IDF_28
WearableManagerInstaller,0.276,TF_IDF_28
SIMtoolkit,0.276,TF_IDF_28
Permissionmanager,0.276,TF_IDF_28
Wisdomengine,0.276,TF_IDF_28
FaceWake,0.276,TF_IDF_28
NearbyService,0.275,TF_IDF_28
Eid-Service,0.275,TF_IDF_28
Workprofile,0.274,TF_IDF_27
GigaLife,0.274,TF_IDF_27
RootPA,0.274,TF_IDF_27
com.samsung.android.smartswitchassistant,0.273,TF_IDF_27
AssistiveBall,0.273,TF_IDF_27
Video(player),0.273,TF_IDF_27
DeviceTest,0.272,TF_IDF_27
HwModuleTest,0.272,TF_IDF_27
com.qualcomm.qti.qtisystemservice,0.272,TF_IDF_27
com.mediatek.SettingsProviderResOverlay,0.272,TF_IDF_27
CriticalLogService,0.272,TF_IDF_27
Accessibility,0.271,TF_IDF_27
SetupWizardLegalProvider,0.271,TF_IDF_27
OneUIHome,0.271,TF_IDF_27
Call,0.271,TF_IDF_27
Wi-FiCalling,0.271,TF_IDF_27
Devicecare,0.271,TF_IDF_27
SamsungDeviceHealthManagerService,0.271,TF_IDF_27
FocalTechSensorTest,0.271,TF_IDF_27
HandwritingService,0.27,TF_IDF_27
Facialrecognition,0.27,TF_IDF_27
Callsettings,0.269,TF_IDF_27
DeltaDiff,0.269,TF_IDF_27
FastCash,0.268,TF_IDF_27
Dsms,0.268,TF_IDF_27
CustomizationService,0.268,TF_IDF_27
HuaweiShare,0.268,TF_IDF_27
Smart-Divert,0.268,TF_IDF_27
GoogleNews,0.268,TF_IDF_27
WAPICertificateManagement,0.268,TF_IDF_27
Lens,0.268,TF_IDF_27
ResMonitor,0.268,TF_IDF_27
SIMcardcontactsservice,0.268,TF_IDF_27
MyHouse,0.268,TF_IDF_27
Separateappsound,0.267,TF_IDF_27
SilentLogging,0.267,TF_IDF_27
EPM,0.267,TF_IDF_27
LiveWallpaperSelector,0.267,TF_IDF_27
OPPOShare,0.267,TF_IDF_27
SVCAgent,0.266,TF_IDF_27
BBCAgent,0.266,TF_IDF_27
BrowserPlug,0.266,TF_IDF_27
KnoxVpnPacProcessor,0.265,TF_IDF_27
com.sec.enterprise.knox.attestation,0.265,TF_IDF_27
Square,0.265,TF_IDF_27
PermissionsManagementofPhoneManager,0.265,TF_IDF_27
Permissionmanagement,0.265,TF_IDF_27
Downloadmanager,0.265,TF_IDF_27
RcsSettings,0.264,TF_IDF_26
Videoediting,0.264,TF_IDF_26
FingerprintUI2,0.264,TF_IDF_26
com.oppo.partnerbrowsercustomizations,0.264,TF_IDF_26
DropboxChmodService,0.264,TF_IDF_26
TPTest,0.264,TF_IDF_26
CrashBox,0.263,TF_IDF_26
CustCoreApp,0.263,TF_IDF_26
NetworkHealthService,0.263,TF_IDF_26
Screenrecording,0.263,TF_IDF_26
GameSpace,0.263,TF_IDF_26
SIMCardApps,0.263,TF_IDF_26
UltraGameMode,0.263,TF_IDF_26
Systemlauncher,0.263,TF_IDF_26
LogSystem,0.263,TF_IDF_26
Fingerprintsandpasswords,0.263,TF_IDF_26
sdk,0.262,TF_IDF_26
TagaCash,0.262,TF_IDF_26
SimMobilityKit,0.261,TF_IDF_26
FilterProvider,0.261,TF_IDF_26
QDCM-FF,0.261,TF_IDF_26
CellBroadcastReceiverModuleOverlay,0.261,TF_IDF_26
com.android.wifi.resources.overlay.oplus,0.261,TF_IDF_26
OplusExSystemService,0.261,TF_IDF_26
Scan,0.261,TF_IDF_26
Appcloner,0.26,TF_IDF_26
Screencast,0.26,TF_IDF_26
AppPlatform,0.26,TF_IDF_26
SSSMobile,0.26,TF_IDF_26
Quickaction,0.26,TF_IDF_26
SamsungLocationSDK,0.258,TF_IDF_26
Spotify,0.258,TF_IDF_26
MocaMoca,0.257,TF_IDF_26
GalaxyThemesService,0.257,TF_IDF_26
foodpanda,0.257,TF_IDF_26
VivoLocationServices,0.257,TF_IDF_26
themeRes,0.257,TF_IDF_26
FingerprintEngineer,0.257,TF_IDF_26
NetworkDiagnostic,0.255,TF_IDF_26
com.qualcomm.qti.workloadclassifier,0.255,TF_IDF_26
Personalizations,0.255,TF_IDF_26
SettingsBixby,0.254,TF_IDF_25
NetworkStackOverlay,0.254,TF_IDF_25
AndroidQEasterEgg,0.254,TF_IDF_25
Backup,0.254,TF_IDF_25
FaceUI,0.254,TF_IDF_25
GameLauncher,0.253,TF_IDF_25
DeviceServices,0.253,TF_IDF_25
com.samsung.android.biometrics.app.setting,0.252,TF_IDF_25
android.overlay.vrro,0.252,TF_IDF_25
MotorbikeMode,0.252,TF_IDF_25
Flashlight,0.252,TF_IDF_25
Nearbydevicescanning,0.251,TF_IDF_25
AdaptSound,0.251,TF_IDF_25
SIMlockassistant,0.251,TF_IDF_25
DownloadManagement,0.251,TF_IDF_25
SecMediaStorage,0.25,TF_IDF_25
Livewallpaperselector,0.25,TF_IDF_25
MusicParty,0.25,TF_IDF_25
SmartAssistant,0.25,TF_IDF_25
GoogleText-to-speechEngine,0.25,TF_IDF_25
TALA,0.249,TF_IDF_25
CIDManager,0.249,TF_IDF_25
Smartsplit,0.249,TF_IDF_25
SmartDriving,0.249,TF_IDF_25
MTKLogger,0.249,TF_IDF_25
Wallpaperservices,0.248,TF_IDF_25
OneTrace,0.248,TF_IDF_25
Devicesetup,0.248,TF_IDF_25
android.overlay.vivoresrro,0.248,TF_IDF_25
ContainerService,0.247,TF_IDF_25
Grab,0.247,TF_IDF_25
com.ses.entitlement.o2.EntitlementApp,0.247,TF_IDF_25
JoviHome,0.246,TF_IDF_25
JoviHomeServiceEngine,0.246,TF_IDF_25
SecIME,0.246,TF_IDF_25
BigLoan,0.245,TF_IDF_24
Searchapplicationsprovider,0.245,TF_IDF_24
Snapchat,0.245,TF_IDF_24
AutoHotspot,0.244,TF_IDF_24
uceShimService,0.244,TF_IDF_24
UnionBank,0.244,TF_IDF_24
GooglePartnerSetUp,0.244,TF_IDF_24
TouchPalTagalogPack,0.244,TF_IDF_24
TouchPalPinyin/BihuaPack,0.244,TF_IDF_24
PayPal,0.243,TF_IDF_24
CashGo,0.243,TF_IDF_24
RCS,0.243,TF_IDF_24
NfcService,0.243,TF_IDF_24
KidSpace,0.243,TF_IDF_24
TouchPalUrduPack,0.243,TF_IDF_24
TouchPalTamilPack,0.243,TF_IDF_24
TouchPalBengaliPack,0.243,TF_IDF_24
FaceService,0.242,TF_IDF_24
Mediaanddevices,0.242,TF_IDF_24
Word,0.242,TF_IDF_24
Wirelessemergencyalerts,0.242,TF_IDF_24
TouchPalKhmerPack,0.242,TF_IDF_24
AvastOfferwall,0.242,TF_IDF_24
com.mediatek.wfo.impl.WfoApp,0.242,TF_IDF_24
KnoxAnalyticsUploader,0.241,TF_IDF_24
android.overlay.common,0.241,TF_IDF_24
FingerprintSensorTest,0.241,TF_IDF_24
android.overlay.target,0.24,TF_IDF_24
TouchPalRussianPack,0.24,TF_IDF_24
LinkSharing,0.239,TF_IDF_24
com.android.phone.overlay.common,0.239,TF_IDF_24
com.android.cellbroadcastreceiver.overlay.common,0.239,TF_IDF_24
com.android.systemui.overlay.common,0.239,TF_IDF_24
com.android.carrierconfig.overlay.common,0.239,TF_IDF_24
com.android.server.telecom.overlay.common,0.238,TF_IDF_24
TalkBack,0.238,TF_IDF_24
WellCash,0.238,TF_IDF_24
OnlineLoans,0.237,TF_IDF_24
MadaLoan,0.237,TF_IDF_24
SmartView,0.237,TF_IDF_24
EmCamera,0.237,TF_IDF_24
QColor,0.236,TF_IDF_24
Simappdialogue,0.236,TF_IDF_24
com.android.systemui.plugin.globalactions.wallet,0.236,TF_IDF_24
SecurityCenter,0.236,TF_IDF_24
CoffeeTime,0.236,TF_IDF_24
CoralSea,0.236,TF_IDF_24
Whirlingdancer,0.236,TF_IDF_24
IPService,0.235,TF_IDF_23
Samsungcapture,0.235,TF_IDF_23
SKMSAgentService,0.235,TF_IDF_23
TimeZoneUpdater,0.235,TF_IDF_23
CarrierServices,0.235,TF_IDF_23
com.google.android.gms.policy_sidecar_aps,0.235,TF_IDF_23
com.qualcomm.qti.uimGbaApp,0.234,TF_IDF_23
TouchPalSinhalaPack,0.234,TF_IDF_23
MMIGroup,0.233,TF_IDF_23
DRMProtectedContentStorage,0.233,TF_IDF_23
LTEBroadcastManager,0.232,TF_IDF_23
GlobeOne,0.232,TF_IDF_23
AIEngine,0.232,TF_IDF_23
SetupWizard,0.232,TF_IDF_23
mlp,0.23,TF_IDF_23
SecureFolder,0.23,TF_IDF_23
BTtestmode,0.23,TF_IDF_23
Cashbee,0.23,TF_IDF_23
android.qvaoverlay.common,0.229,TF_IDF_23
MDEServiceFramework,0.229,TF_IDF_23
Telegram,0.229,TF_IDF_23
TouchPalArabicPack,0.229,TF_IDF_23
Clipboardedge,0.228,TF_IDF_23
SimContacts,0.228,TF_IDF_23
ManageNotifications,0.228,TF_IDF_23
MTKNLPService,0.228,TF_IDF_23
SecSoundPicker,0.227,TF_IDF_23
Apps,0.227,TF_IDF_23
Tallcutout,0.227,TF_IDF_23
Doublecutout,0.226,TF_IDF_23
Cornercutout,0.226,TF_IDF_23
TouchPalFrenchPack,0.226,TF_IDF_23
SensorHub,0.226,TF_IDF_23
KnoxKeyChain,0.225,TF_IDF_23
Reminder,0.224,TF_IDF_22
CocoPeso,0.224,TF_IDF_22
SamsungInternet,0.224,TF_IDF_22
VoiceRecorder,0.224,TF_IDF_22
HoneyLoan,0.224,TF_IDF_22
USBDebugging,0.224,TF_IDF_22
NoiseTest,0.224,TF_IDF_22
cashme,0.223,TF_IDF_22
Tasks,0.223,TF_IDF_22
OPESO,0.223,TF_IDF_22
Clockstyle,0.223,TF_IDF_22
com.mediatek.voiceunlock,0.223,TF_IDF_22
BluetoothShare,0.223,TF_IDF_22
Tools,0.222,TF_IDF_22
People,0.222,TF_IDF_22
SendSOSMessages,0.222,TF_IDF_22
Ultradatasavingmode,0.222,TF_IDF_22
ARCore,0.222,TF_IDF_22
ColorEyeProtect,0.222,TF_IDF_22
CallFeatureSetting,0.22,TF_IDF_22
Phone/MessagingStorage,0.22,TF_IDF_22
After-salesservice,0.22,TF_IDF_22
ChromeCustomizations,0.219,TF_IDF_22
LPeso,0.218,TF_IDF_22
com.samsung.android.wifi.softap.resources,0.218,TF_IDF_22
com.samsung.android.networkstack.tethering.overlay,0.218,TF_IDF_22
CallBGProvider,0.218,TF_IDF_22
Eyecomfortshield,0.218,TF_IDF_22
LocaleOverlayManager,0.218,TF_IDF_22
Applicationrecommendations,0.218,TF_IDF_22
CapCut,0.218,TF_IDF_22
SmartFaceService,0.217,TF_IDF_22
GameBooster,0.217,TF_IDF_22
Edgepanels,0.217,TF_IDF_22
com.qualcomm.qti.lpa,0.217,TF_IDF_22
Notepad,0.217,TF_IDF_22
Soundlocalizationtrainingcenter,0.216,TF_IDF_22
NetworkLocation,0.216,TF_IDF_22
SmartFittingService,0.215,TF_IDF_21
PesoHere,0.215,TF_IDF_21
CLiQQ,0.214,TF_IDF_21
com.redteamobile.roaming.deamon.App,0.214,TF_IDF_21
OPPOCloud,0.214,TF_IDF_21
PesoKuwento,0.213,TF_IDF_21
SoftwareUpdates,0.213,TF_IDF_21
LockScreenMagazine,0.212,TF_IDF_21
ATMWifiMeta,0.212,TF_IDF_21
Numberattribute,0.212,TF_IDF_21
SamsungPushService,0.211,TF_IDF_21
Facebeautyforvideocall,0.211,TF_IDF_21
NumberOrigin,0.211,TF_IDF_21
SmartVolume,0.211,TF_IDF_21
com.samsung.android.knox.attestation,0.21,TF_IDF_21
TakeCash,0.21,TF_IDF_21
CashCow,0.21,TF_IDF_21
GoogleAccountManager,0.21,TF_IDF_21
Waze,0.209,TF_IDF_21
ZoraCash,0.209,TF_IDF_21
FACM,0.208,TF_IDF_21
snapera,0.208,TF_IDF_21
Twitter,0.208,TF_IDF_21
FidoCryptoService,0.208,TF_IDF_21
Wi-FiTips,0.207,TF_IDF_21
Sheets,0.207,TF_IDF_21
Excel,0.207,TF_IDF_21
Usermanual,0.207,TF_IDF_21
AppMarket,0.207,TF_IDF_21
Recent,0.207,TF_IDF_21
YahooMail,0.206,TF_IDF_21
SamsungNotes,0.206,TF_IDF_21
com.sec.android.app.chromecustomizations,0.206,TF_IDF_21
HalikaCash,0.206,TF_IDF_21
GoogleSampleHomeScreen,0.206,TF_IDF_21
Wi-Fi,0.206,TF_IDF_21
Digido,0.205,TF_IDF_20
AlwaysOnDisplay,0.205,TF_IDF_20
LinkedIn,0.205,TF_IDF_20
SpendCash,0.205,TF_IDF_20
android.auto_generated_rro_vendor__,0.205,TF_IDF_20
TouchPalSwahiliPack,0.205,TF_IDF_20
Gesture&Motion,0.205,TF_IDF_20
WowPera,0.204,TF_IDF_20
BillEase,0.204,TF_IDF_20
com.android.systemui.overlay.fingerprint.anim.xklc,0.204,TF_IDF_20
com.android.systemui.overlay.fingerprint.anim.jslz,0.204,TF_IDF_20
com.android.systemui.overlay.fingerprint.anim.lgsy,0.204,TF_IDF_20
com.android.systemui.overlay.fingerprint.anim.jhsy,0.204,TF_IDF_20
com.android.systemui.overlay.fingerprint.anim.ccyh,0.204,TF_IDF_20
com.android.systemui.overlay.fingerprint.anim.tyjw,0.204,TF_IDF_20
com.android.systemui.overlay.fingerprint.anim.nlgs,0.204,TF_IDF_20
ThemeStore,0.204,TF_IDF_20
SmartRatSwitch,0.204,TF_IDF_20
DLNAservice,0.204,TF_IDF_20
SamsungPaymentFramework,0.203,TF_IDF_20
OneDrive,0.203,TF_IDF_20
SplitSoundService,0.203,TF_IDF_20
TouchPalKazakhPack,0.203,TF_IDF_20
ScreenRecording,0.203,TF_IDF_20
Firstcash,0.203,TF_IDF_20
org.codeaurora.bluetooth,0.203,TF_IDF_20
Bluetoothsettings,0.203,TF_IDF_20
PersonalHotspot,0.203,TF_IDF_20
YOPESO,0.202,TF_IDF_20
FactoryCamera,0.202,TF_IDF_20
ANT+DUT,0.202,TF_IDF_20
com.quicinc.cne.CNEService.CNEServiceApp,0.202,TF_IDF_20
MessengerLite,0.202,TF_IDF_20
GalaxyStore,0.201,TF_IDF_20
PondoCash,0.201,TF_IDF_20
SamsungPass,0.2,TF_IDF_20
android.frameworkres.overlay.ZERO_TOUCH,0.2,TF_IDF_20
SIMCard&MobileNetwork,0.2,TF_IDF_20
MetaAppInstaller,0.2,TF_IDF_20
MetaAppManager,0.2,TF_IDF_20
Phoneservice,0.2,TF_IDF_20
PesoQ,0.199,TF_IDF_20
Docs,0.199,TF_IDF_20
OperaPreinstallData,0.199,TF_IDF_20
Uicc1TerminalService,0.199,TF_IDF_20
Uicc2TerminalService,0.199,TF_IDF_20
coins.ph,0.198,TF_IDF_20
com.android.wifi.resources.overlay.common,0.198,TF_IDF_20
PHPocket,0.198,TF_IDF_20
HappyPera2,0.198,TF_IDF_20
Smartunlock,0.198,TF_IDF_20
One-TapLockScreen,0.198,TF_IDF_20
CellBroadcastServiceModuleOverlay,0.198,TF_IDF_20
TouchPalLaoPack,0.198,TF_IDF_20
AutofillwithSamsungPass,0.197,TF_IDF_20
com.android.wifi.resources.overlay.target,0.197,TF_IDF_20
SuperProcessSystem,0.197,TF_IDF_20
Shortcutcenter,0.197,TF_IDF_20
SIMcardapps,0.196,TF_IDF_20
Peranyo,0.196,TF_IDF_20
MtkNlp,0.196,TF_IDF_20
OppoAod,0.196,TF_IDF_20
SamsungGalaxyFriends,0.195,TF_IDF_20
Cameralyzer,0.195,TF_IDF_20
eastcash,0.195,TF_IDF_20
Downloadmanagement,0.195,TF_IDF_20
MOREPESO,0.194,TF_IDF_19
GoogleAssistantcustomfunctions,0.194,TF_IDF_19
TouchPalNepaliPack,0.194,TF_IDF_19
LockAssistant,0.193,TF_IDF_19
OppoLogKit,0.193,TF_IDF_19
PesoCash,0.192,TF_IDF_19
NFC,0.192,TF_IDF_19
com.qualcomm.qti.devicestatisticsservice,0.192,TF_IDF_19
Face,0.192,TF_IDF_19
OplusLocationService,0.192,TF_IDF_19
Lock,0.192,TF_IDF_19
GroupSharing,0.191,TF_IDF_19
DeviceHealthServices,0.191,TF_IDF_19
PartnerNetflixActivation,0.191,TF_IDF_19
TouchPalMalayPack,0.191,TF_IDF_19
Foundation,0.19,TF_IDF_19
android.auto_generated_rro_product__,0.19,TF_IDF_19
TouchPalHindiPack,0.19,TF_IDF_19
TouchPalThaiPack,0.19,TF_IDF_19
TouchPalTeluguPack,0.19,TF_IDF_19
TouchPalBurmesePack,0.19,TF_IDF_19
TouchPalZAWGYIPack,0.19,TF_IDF_19
Cashalo,0.189,TF_IDF_19
com.qualcomm.qti.simsettings,0.189,TF_IDF_19
FavoriteContacts,0.189,TF_IDF_19
SamsungCoreServices,0.188,TF_IDF_19
Safetyassistance,0.188,TF_IDF_19
Skype,0.188,TF_IDF_19
MetaServices,0.188,TF_IDF_19
SamsungPositioning,0.187,TF_IDF_19
DECOPIC,0.187,TF_IDF_19
kuyaloan,0.187,TF_IDF_19
TouchPalIndonesianPack,0.187,TF_IDF_19
MobileWips,0.186,TF_IDF_19
SamsungMembers,0.186,TF_IDF_19
com.sec.ims,0.186,TF_IDF_19
Opera,0.186,TF_IDF_19
Documents,0.186,TF_IDF_19
CameraLightSensor,0.185,TF_IDF_18
GalaxyEssentialsWidget,0.185,TF_IDF_18
androidhwext,0.185,TF_IDF_18
GoogleOne,0.185,TF_IDF_18
CloneApps,0.185,TF_IDF_18
MultimediaLocalService,0.185,TF_IDF_18
QMMI,0.185,TF_IDF_18
PowerPoint,0.184,TF_IDF_18
HuaweiHome,0.184,TF_IDF_18
Motions,0.184,TF_IDF_18
HwStartupGuide,0.184,TF_IDF_18
MMITest,0.184,TF_IDF_18
ImportviaBluetooth,0.184,TF_IDF_18
SwiftKeyfactorysettings,0.184,TF_IDF_18
WifiEngineerMode,0.184,TF_IDF_18
OPPOAthena,0.184,TF_IDF_18
BTTool,0.184,TF_IDF_18
bootagent,0.183,TF_IDF_18
SharedDeviceKeyguard,0.183,TF_IDF_18
HwAps,0.183,TF_IDF_18
Scrollshot,0.183,TF_IDF_18
GoogleNetworkStackResOverlay,0.183,TF_IDF_18
CallRecorder,0.183,TF_IDF_18
GooglePlayservicesforInstantApps,0.183,TF_IDF_18
SamsungEditingAssets,0.182,TF_IDF_18
GooglePlayServicesforAR,0.182,TF_IDF_18
MicrosoftSwiftKeyKeyboard,0.182,TF_IDF_18
ProjectMenu,0.182,TF_IDF_18
AutoDialer,0.182,TF_IDF_18
AuthenticationFramework,0.181,TF_IDF_18
PrivateShare,0.181,TF_IDF_18
OKPeso,0.181,TF_IDF_18
HwChrService,0.181,TF_IDF_18
com.android.frameworkres.overlay,0.181,TF_IDF_18
SurityCash,0.181,TF_IDF_18
HUAWEIVideo,0.18,TF_IDF_18
GooglePodcasts,0.18,TF_IDF_18
Information,0.18,TF_IDF_18
hiview,0.18,TF_IDF_18
com.android.oppo.multimedia,0.18,TF_IDF_18
AppCloner,0.18,TF_IDF_18
TouchPalEnglishgbPack,0.18,TF_IDF_18
HuaweiSystemServices,0.179,TF_IDF_18
Portrait,0.178,TF_IDF_18
Dictionary,0.178,TF_IDF_18
Samsung321,0.178,TF_IDF_18
AppGallery,0.178,TF_IDF_18
Unknownnumberidentification,0.178,TF_IDF_18
SeparatedApps,0.177,TF_IDF_18
ClipboardUIService,0.177,TF_IDF_18
QuickCheck,0.177,TF_IDF_18
TouchPalSkinPackDefaultWhite,0.177,TF_IDF_18
TouchPalBopomofoPack,0.177,TF_IDF_18
HdmApp,0.176,TF_IDF_18
KnoxPushManager,0.176,TF_IDF_18
HwWifiproBqeService,0.176,TF_IDF_18
TME,0.176,TF_IDF_18
com.huawei.hiviewtunnel,0.176,TF_IDF_18
IPeso,0.174,TF_IDF_17
com.sec.internal.vsim.VSimServiceApp,0.174,TF_IDF_17
Briefing,0.174,TF_IDF_17
com.android.partnerbrowsercustomizations.tmobile,0.174,TF_IDF_17
Cloud,0.174,TF_IDF_17
Dynamiclockscreenservice,0.174,TF_IDF_17
SamsungFree,0.173,TF_IDF_17
com.qualcomm.qti.improvetouch.service.ImproveTouchApp,0.173,TF_IDF_17
ChocoEUKor,0.173,TF_IDF_17
DialerStorage,0.173,TF_IDF_17
ColorfulEngine,0.173,TF_IDF_17
OurCashVIP,0.173,TF_IDF_17
GalaxyThemes,0.172,TF_IDF_17
CoolEUKor,0.172,TF_IDF_17
com.huawei.iaware,0.172,TF_IDF_17
SampleAuthenticatorService,0.172,TF_IDF_17
SecureSampleAuthService,0.172,TF_IDF_17
BrightnessBNR,0.171,TF_IDF_17
SamsungKeyboard(deprecated),0.171,TF_IDF_17
SecureUIService,0.171,TF_IDF_17
com.android.frameworkhwext.honor,0.171,TF_IDF_17
OppoExSystemService,0.171,TF_IDF_17
APPEnhancementServices,0.171,TF_IDF_17
CarrierLocationServices,0.171,TF_IDF_17
HeyTapCloud,0.171,TF_IDF_17
DataAcquisitionTool(V4.2),0.171,TF_IDF_17
NVTRawDeltaTestV2.5,0.171,TF_IDF_17
Security,0.171,TF_IDF_17
Call&textonotherdevices,0.17,TF_IDF_17
Provisioningmessage,0.17,TF_IDF_17
com.google.android.overlay.settingsProvider,0.17,TF_IDF_17
PushService,0.17,TF_IDF_17
CashGVIP,0.17,TF_IDF_17
com.android.overlay.modules.ModuleMetadataConfigOverlay,0.17,TF_IDF_17
com.oppo.gmail.overlay,0.17,TF_IDF_17
SecureExtAuthService,0.17,TF_IDF_17
SampleExtAuthService,0.17,TF_IDF_17
SHEIN,0.169,TF_IDF_17
BPIMobile,0.169,TF_IDF_17
RoseEUKor,0.169,TF_IDF_17
PhoneClone,0.169,TF_IDF_17
Cast,0.169,TF_IDF_17
org.codeaurora.btmultisim,0.169,TF_IDF_17
ContentAdaptiveBacklightSettings,0.169,TF_IDF_17
SamsungKidsInstaller,0.168,TF_IDF_17
com.google.android.networkstack.tethering.overlay,0.168,TF_IDF_17
HwUpgradeGuide,0.168,TF_IDF_17
sileadmanager,0.168,TF_IDF_17
U-peso,0.168,TF_IDF_17
NovatekMPselftestV3.8,0.168,TF_IDF_17
Assistant,0.168,TF_IDF_17
Diagnostics,0.168,TF_IDF_17
Personalhome,0.167,TF_IDF_17
Slides,0.167,TF_IDF_17
HuaweiHisten,0.167,TF_IDF_17
Cleaner,0.167,TF_IDF_17
AntWallet,0.167,TF_IDF_17
com.qualcomm.qti.callfeaturessetting,0.167,TF_IDF_17
SVISettings,0.167,TF_IDF_17
PrivateSpace,0.166,TF_IDF_17
SmartServices,0.166,TF_IDF_17
PredefinedEapSim,0.165,TF_IDF_17
SIMcardmanager,0.165,TF_IDF_17
ANT+HALservice,0.164,TF_IDF_16
Defaultprintservice,0.164,TF_IDF_16
PautangPeso,0.164,TF_IDF_16
Emergencyalerts,0.164,TF_IDF_16
TouchPalManipuriPack,0.164,TF_IDF_16
TouchPalSanthaliPack,0.164,TF_IDF_16
VideoEditor,0.163,TF_IDF_16
android.frameworkres.overlay.display.product,0.163,TF_IDF_16
SamsungHealth,0.163,TF_IDF_16
CIMBBankPH,0.163,TF_IDF_16
HMSCore,0.163,TF_IDF_16
Smartclick,0.163,TF_IDF_16
LanguageDownloader,0.162,TF_IDF_16
com.android.systemui.overlay,0.162,TF_IDF_16
com.huawei.behaviorauth,0.162,TF_IDF_16
UXDesign,0.162,TF_IDF_16
E-perash,0.162,TF_IDF_16
FileConsole,0.162,TF_IDF_16
LoanCash,0.162,TF_IDF_16
SmartTutor,0.161,TF_IDF_16
ANTRadioService,0.161,TF_IDF_16
ANT+PluginsService,0.161,TF_IDF_16
ScreenRecorder,0.161,TF_IDF_16
FilesbyGoogle,0.161,TF_IDF_16
DITO,0.161,TF_IDF_16
UserExperienceImprovementService,0.161,TF_IDF_16
MediaTune<MTDCY>,0.161,TF_IDF_16
KeyboardContentCenter,0.16,TF_IDF_16
HMSServicesFramework,0.16,TF_IDF_16
MTKNon-FrameworkLBS,0.16,TF_IDF_16
ExSupport,0.16,TF_IDF_16
Cellbroadcast,0.16,TF_IDF_16
MoneyCat,0.159,TF_IDF_16
Hangouts,0.159,TF_IDF_16
ColorOSPromeSMS,0.159,TF_IDF_16
FaceUnlock,0.159,TF_IDF_16
Collage,0.159,TF_IDF_16
Zippeso,0.158,TF_IDF_16
SamsungVisitIn,0.158,TF_IDF_16
Teams,0.158,TF_IDF_16
Bluelightfilter,0.158,TF_IDF_16
SmartDiagnosis,0.158,TF_IDF_16
HwUE,0.158,TF_IDF_16
Roblox,0.158,TF_IDF_16
android.auto_generated_rro__,0.157,TF_IDF_16
Updater,0.157,TF_IDF_16
KPeso,0.156,TF_IDF_16
FIDOUAFClient,0.156,TF_IDF_16
VoiceCommand,0.156,TF_IDF_16
SamsungCheckout,0.155,TF_IDF_15
Health,0.155,TF_IDF_15
Securitystorage,0.155,TF_IDF_15
CashWill,0.155,TF_IDF_15
SamsungMax,0.154,TF_IDF_15
Ridemode,0.154,TF_IDF_15
Quickstep,0.154,TF_IDF_15
Scanner,0.154,TF_IDF_15
OppoPostmanService,0.154,TF_IDF_15
Provision,0.154,TF_IDF_15
SoundRecorder,0.154,TF_IDF_15
com.mediatek.callrecorder,0.154,TF_IDF_15
RapidPeso,0.153,TF_IDF_15
oplus.frameworkres.overlay.display.product,0.153,TF_IDF_15
Mr.Cash,0.153,TF_IDF_15
Agoda,0.153,TF_IDF_15
MTPhost,0.153,TF_IDF_15
Analytics,0.153,TF_IDF_15
Xiaomiserviceframework,0.153,TF_IDF_15
com.miui.rom,0.153,TF_IDF_15
MIUIsecuritycomponents,0.153,TF_IDF_15
SecurityCoreComponent,0.153,TF_IDF_15
CloudServiceSysbase,0.153,TF_IDF_15
MIUIBluetooth,0.153,TF_IDF_15
Finddevice,0.153,TF_IDF_15
MiAccount,0.153,TF_IDF_15
WMService,0.153,TF_IDF_15
TouchPalSpanishPack,0.153,TF_IDF_15
Browserplug,0.153,TF_IDF_15
Blackcassette,0.153,TF_IDF_15
Turntable,0.153,TF_IDF_15
MiVideo,0.152,TF_IDF_15
miui.external.Application,0.152,TF_IDF_15
RfTest,0.152,TF_IDF_15
RadioInfo,0.152,TF_IDF_15
Guitar,0.152,TF_IDF_15
MysterySpeaker,0.152,TF_IDF_15
Lalamove,0.151,TF_IDF_15
Topeso,0.151,TF_IDF_15
HUAWEIMusic,0.151,TF_IDF_15
Batteryandperformance,0.151,TF_IDF_15
PowerDetector,0.151,TF_IDF_15
MiCloudSync,0.151,TF_IDF_15
com.miui.internal.app.SystemApplication,0.151,TF_IDF_15
SensorTest,0.151,TF_IDF_15
BixbyVision,0.15,TF_IDF_15
org.codeaurora.ims.ImsApp,0.15,TF_IDF_15
wifitest,0.15,TF_IDF_15
What'snew,0.15,TF_IDF_15
HideNotch,0.15,TF_IDF_15
HiyaService,0.15,TF_IDF_15
CandyCrushSaga,0.15,TF_IDF_15
AutoPreconfig,0.15,TF_IDF_15
XiaomiSIMActivationService,0.15,TF_IDF_15
com.xiaomi.micloudsdk.SdkApplication,0.15,TF_IDF_15
emojiupdater,0.149,TF_IDF_15
vivoshare,0.149,TF_IDF_15
OPPOWirelessDevices,0.149,TF_IDF_15
QR&BarcodeScanner,0.149,TF_IDF_15
Quickball,0.149,TF_IDF_15
SmartScan,0.149,TF_IDF_15
OcrService,0.149,TF_IDF_15
SoftwareUpdate,0.149,TF_IDF_15
AREmoji,0.148,TF_IDF_15
SamsungMultiConnectivity,0.148,TF_IDF_15
UIBCVirtualSoftkey,0.148,TF_IDF_15
SamsungTimeZoneData,0.148,TF_IDF_15
Office,0.148,TF_IDF_15
Assistantmenu,0.148,TF_IDF_15
PowerGenius,0.148,TF_IDF_15
FuelSummary,0.148,TF_IDF_15
TADownloader,0.147,TF_IDF_15
ConfigAPK,0.147,TF_IDF_15
HealthService,0.147,TF_IDF_15
HwNearby,0.147,TF_IDF_15
HwSynergy,0.147,TF_IDF_15
FeatureFramework,0.147,TF_IDF_15
SecureElementService,0.147,TF_IDF_15
ContactsSync,0.147,TF_IDF_15
Systemserviceplugin,0.147,TF_IDF_15
IntelligentAnalyticsSystem,0.147,TF_IDF_15
MiuiBiometric,0.147,TF_IDF_15
AuthFwTaPack,0.146,TF_IDF_15
Booking.com,0.146,TF_IDF_15
NumberIdentifier,0.146,TF_IDF_15
MyHUAWEI,0.146,TF_IDF_15
DualSIMsettings,0.146,TF_IDF_15
com.android.frameworkhwext.dark,0.146,TF_IDF_15
msa,0.146,TF_IDF_15
Cloudbackupâ€‹,0.146,TF_IDF_15
SunCash,0.146,TF_IDF_15
GetApps,0.146,TF_IDF_15
LockscreenMagazine,0.146,TF_IDF_15
MTKLoggerProxy,0.146,TF_IDF_15
ACOM,0.146,TF_IDF_15
HideNotchWithoutCornerRound,0.145,TF_IDF_14
Gestures&Motions,0.145,TF_IDF_14
Notifications,0.145,TF_IDF_14
QuickappsServiceFramework,0.145,TF_IDF_14
SIMMenu,0.145,TF_IDF_14
Systemappsupdater,0.145,TF_IDF_14
Sync,0.145,TF_IDF_14
Mobilebroadcasts,0.144,TF_IDF_14
Navigationdock,0.144,TF_IDF_14
AppAssistant,0.144,TF_IDF_14
Services&feedback,0.144,TF_IDF_14
com.nearme.deamon,0.144,TF_IDF_14
Viu,0.143,TF_IDF_14
Securitypolicyupdates,0.143,TF_IDF_14
HomeLayout,0.143,TF_IDF_14
XiaomiCloud,0.143,TF_IDF_14
com.miui.systemui.carriers.overlay,0.143,TF_IDF_14
Brainly,0.143,TF_IDF_14
ShareMe,0.143,TF_IDF_14
OpenCapabilityService,0.143,TF_IDF_14
ARZone,0.142,TF_IDF_14
QTR,0.142,TF_IDF_14
ZadaCash,0.142,TF_IDF_14
ContextService,0.142,TF_IDF_14
com.miui.systemui.overlay.devices.android,0.142,TF_IDF_14
Softwareupdateinterface,0.142,TF_IDF_14
Games,0.142,TF_IDF_14
One-TapLockscreen,0.142,TF_IDF_14
FontManager,0.142,TF_IDF_14
CellBroadcasts,0.142,TF_IDF_14
Motionphotoviewer,0.141,TF_IDF_14
FIDOUAFASM,0.141,TF_IDF_14
CameraTest,0.141,TF_IDF_14
vivohomescreen,0.141,TF_IDF_14
LinktoWindowsService,0.14,TF_IDF_14
StickerProvider,0.14,TF_IDF_14
com.samsung.faceservice,0.14,TF_IDF_14
SmartEngine,0.14,TF_IDF_14
com.miui.systemui.devices.overlay,0.14,TF_IDF_14
XiaomiServiceFrameworkKeeper,0.14,TF_IDF_14
ASAP,0.14,TF_IDF_14
Voicewake-up,0.139,TF_IDF_14
PautangOnline,0.139,TF_IDF_14
com.android.systemui.navigation.bar.overlay,0.139,TF_IDF_14
FeedbackToolkit,0.139,TF_IDF_14
com.android.server.wifi,0.139,TF_IDF_14
SmartScenarios,0.139,TF_IDF_14
OTAAccessPointConfiguration,0.139,TF_IDF_14
StaySafe,0.138,TF_IDF_14
OsCenter,0.138,TF_IDF_14
Tongits,0.138,TF_IDF_14
RCSService,0.138,TF_IDF_14
bilibili,0.138,TF_IDF_14
CarrierAccessCacheService,0.138,TF_IDF_14
BixbyVisionFramework,0.137,TF_IDF_14
KeyguardWallpaperUpdator,0.137,TF_IDF_14
com.xiaomi.bluetooth.overlay,0.137,TF_IDF_14
TouchPalOriyaPack,0.137,TF_IDF_14
TouchPalGujaratiPack,0.137,TF_IDF_14
TouchPalKannadaPack,0.137,TF_IDF_14
TouchPalMalayalamPack,0.137,TF_IDF_14
TouchPalMaithiliPack,0.137,TF_IDF_14
TouchPalMarathiPack,0.137,TF_IDF_14
TouchPalPunjabiPack,0.137,TF_IDF_14
TouchPalAssamesePack,0.137,TF_IDF_14
TouchPalVietnam(Telex)Pack,0.137,TF_IDF_14
GlobePrepaid,0.136,TF_IDF_14
MCFDeviceContinuity,0.136,TF_IDF_14
GPUWatch,0.136,TF_IDF_14
Dolby,0.136,TF_IDF_14
HuaweiMapService,0.136,TF_IDF_14
Digitalbalance,0.136,TF_IDF_14
com.android.systemui.gesture.line.overlay,0.136,TF_IDF_14
AppAdvisor,0.136,TF_IDF_14
FingerprintExtensionService,0.136,TF_IDF_14
Earphones,0.136,TF_IDF_14
Frequentphrases,0.136,TF_IDF_14
WifiRxSensTest,0.136,TF_IDF_14
DynamicWallpaperSelector,0.136,TF_IDF_14
Mediastoragedevice,0.136,TF_IDF_14
OppoDolbyService,0.135,TF_IDF_14
NSDSWebApp,0.135,TF_IDF_14
com.android.huawei.HiMediaEngine,0.135,TF_IDF_14
Slowmotioneditor,0.134,TF_IDF_13
FMRadioService,0.134,TF_IDF_13
PureTuber,0.134,TF_IDF_13
SamsungSmartSuggestions,0.133,TF_IDF_13
com.samsung.android.wifi.softapwpathree.resources,0.133,TF_IDF_13
HwLBSService,0.133,TF_IDF_13
konek2CARD,0.133,TF_IDF_13
Picsart,0.133,TF_IDF_13
DtmfAnalyzer,0.133,TF_IDF_13
TONIK,0.133,TF_IDF_13
CMFAFramework,0.132,TF_IDF_13
SamsungExperienceService,0.132,TF_IDF_13
PesoIn,0.132,TF_IDF_13
MiCoin,0.132,TF_IDF_13
karaoke,0.132,TF_IDF_13
SecurityAnalysis,0.132,TF_IDF_13
CamScanner,0.131,TF_IDF_13
SystemHelperService,0.131,TF_IDF_13
SoterService,0.131,TF_IDF_13
TranslationService,0.131,TF_IDF_13
com.oppo.oppopowermonitor,0.131,TF_IDF_13
FusedLocationProvider,0.131,TF_IDF_13
FlashLoan,0.131,TF_IDF_13
SystemUpdate,0.13,TF_IDF_13
Mirror,0.13,TF_IDF_13
MiuiDaemon,0.13,TF_IDF_13
Phonestorage,0.13,TF_IDF_13
FlashCredit,0.13,TF_IDF_13
KidsMode,0.129,TF_IDF_13
GameSpaceSDK,0.129,TF_IDF_13
BixbyVoice,0.128,TF_IDF_13
com.qti.diagservices,0.128,TF_IDF_13
Permissions,0.128,TF_IDF_13
Talldisplaycutout,0.128,TF_IDF_13
BackupandRestore,0.128,TF_IDF_13
TouchPalSanskritPack,0.128,TF_IDF_13
SmartSplit,0.128,TF_IDF_13
Photomovie,0.128,TF_IDF_13
Messaging,0.128,TF_IDF_13
Clock(1),0.128,TF_IDF_13
SystemUIBixby2,0.127,TF_IDF_13
com.hisi.mapcon,0.127,TF_IDF_13
PhotoGrid,0.127,TF_IDF_13
Doubledisplaycutout,0.127,TF_IDF_13
Cornerdisplaycutout,0.127,TF_IDF_13
SoftwareUpdateInterface,0.127,TF_IDF_13
PesoPlus,0.127,TF_IDF_13
com.vivo.contentcatcher.proxy.components.CatcherApplication,0.127,TF_IDF_13
HwImsService,0.126,TF_IDF_13
HwInstantOnline,0.126,TF_IDF_13
android.miui.overlay,0.126,TF_IDF_13
WallPaper,0.126,TF_IDF_13
SensorTestTool,0.126,TF_IDF_13
ColorOSsystem,0.126,TF_IDF_13
com.qualcomm.qti.autoregistration,0.126,TF_IDF_13
OKGoogleenrollment,0.125,TF_IDF_12
Scheduledtasks,0.125,TF_IDF_12
UnaCash,0.125,TF_IDF_12
com.android.frameworkhwext.overlay.dark,0.125,TF_IDF_12
TouchPalCangjiePack,0.125,TF_IDF_12
BDODigitalBanking,0.124,TF_IDF_12
BixbyService,0.124,TF_IDF_12
Defaultlivesticker,0.124,TF_IDF_12
Karaokeeffect,0.124,TF_IDF_12
BixbyVoiceStub,0.123,TF_IDF_12
TEEgrisTuiService,0.123,TF_IDF_12
BeautyPlus,0.123,TF_IDF_12
com.android.systemui.overlay.miui,0.123,TF_IDF_12
com.android.settings.overlay.miui,0.123,TF_IDF_12
com.android.systemui.icon.overlay,0.123,TF_IDF_12
android.aosp.overlay,0.122,TF_IDF_12
PartyMode,0.122,TF_IDF_12
FingerprintTest,0.122,TF_IDF_12
DataProtection,0.122,TF_IDF_12
SmartLauncher,0.122,TF_IDF_12
GlobeRewards,0.121,TF_IDF_12
WeTV,0.121,TF_IDF_12
Camera360,0.121,TF_IDF_12
com.android.systemui.notch.overlay,0.121,TF_IDF_12
Androidsystem,0.121,TF_IDF_12
com.vivo.contentcatcher.proxy.components.AppFeature,0.121,TF_IDF_12
MTKThermalManager,0.121,TF_IDF_12
SecureKeyboard,0.12,TF_IDF_12
Webnovel,0.12,TF_IDF_12
ARDoodle,0.119,TF_IDF_12
Stamps,0.119,TF_IDF_12
HuaweiDataManagementServices,0.119,TF_IDF_12
WeSing,0.119,TF_IDF_12
Huaweimagazineunlock,0.119,TF_IDF_12
COTA,0.119,TF_IDF_12
TouchPalforOPPO,0.119,TF_IDF_12
JoviSmartScene,0.119,TF_IDF_12
Userdictionary,0.119,TF_IDF_12
Crocroandfriends,0.118,TF_IDF_12
HUAWEIHiAIEngine,0.118,TF_IDF_12
HiCard,0.118,TF_IDF_12
HwHiAIDSEngine,0.118,TF_IDF_12
Pi,0.118,TF_IDF_12
GooglePay,0.118,TF_IDF_12
AppLock,0.118,TF_IDF_12
Loanmoto,0.118,TF_IDF_12
Outlook,0.117,TF_IDF_12
MultimodalSensorDataPlatform,0.117,TF_IDF_12
Joyose,0.117,TF_IDF_12
StarMaker,0.117,TF_IDF_12
SmartScenes,0.117,TF_IDF_12
FinuppLending,0.117,TF_IDF_12
Lockscreenmagazine,0.117,TF_IDF_12
com.android.wallpaperpicker,0.117,TF_IDF_12
vivoFlash,0.117,TF_IDF_12
Deviceconnectionservice,0.116,TF_IDF_12
TACO,0.116,TF_IDF_12
PayMayaNegosyo,0.116,TF_IDF_12
WallpaperCarousel,0.116,TF_IDF_12
realmeLink,0.116,TF_IDF_12
SysScope,0.116,TF_IDF_12
com.android.service.ims.RcsServiceApp,0.116,TF_IDF_12
Presence,0.116,TF_IDF_12
CheetahMobileCleanMasterSDK,0.116,TF_IDF_12
Plentina,0.116,TF_IDF_12
TreeCash,0.116,TF_IDF_12
AppLinker,0.115,TF_IDF_12
Workspace,0.115,TF_IDF_12
PesoHaus,0.115,TF_IDF_12
InCallUI,0.115,TF_IDF_12
Binhi,0.114,TF_IDF_11
Pinterest,0.114,TF_IDF_11
LANDBANK,0.114,TF_IDF_11
com.samsung.android.networkstack.tethering.inprocess.overlay,0.114,TF_IDF_11
SmartSidebar,0.114,TF_IDF_11
ShootingModeProvider,0.114,TF_IDF_11
TouchPalDarkModeSkinPack,0.114,TF_IDF_11
Merriam-WebsterDictionary,0.113,TF_IDF_11
Jollibee,0.113,TF_IDF_11
SUPL20Services,0.113,TF_IDF_11
TouchPalSkinPack,0.113,TF_IDF_11
CallofDuty,0.113,TF_IDF_11
OppoLogCopy,0.113,TF_IDF_11
AILens,0.112,TF_IDF_11
AISearch,0.112,TF_IDF_11
BixbyRoutines,0.111,TF_IDF_11
PlayAutoInstalls,0.111,TF_IDF_11
com.miui.face.overlay.miui,0.111,TF_IDF_11
EnterpriseVPNServices,0.111,TF_IDF_11
TouchPalHindilatinPack,0.111,TF_IDF_11
CarmodeStub,0.11,TF_IDF_11
Appvault,0.11,TF_IDF_11
Interactioncontrol,0.11,TF_IDF_11
TongitsStar,0.11,TF_IDF_11
android.frameworkres.overlay.Network,0.109,TF_IDF_11
HeyFun,0.109,TF_IDF_11
SmartThingsFramework,0.108,TF_IDF_11
VoiceAssistant,0.108,TF_IDF_11
Binance,0.108,TF_IDF_11
com.android.bluetooth.overlay.common,0.108,TF_IDF_11
MiCredit,0.108,TF_IDF_11
MiPay,0.108,TF_IDF_11
Angkas,0.108,TF_IDF_11
NVTRawDeltaTestV1.9,0.108,TF_IDF_11
Weather(lite),0.108,TF_IDF_11
JuanHand,0.107,TF_IDF_11
GameTools,0.107,TF_IDF_11
Rushloan,0.107,TF_IDF_11
LockScreenService,0.107,TF_IDF_11
SmartFPSAdjuster,0.106,TF_IDF_11
VidMate,0.106,TF_IDF_11
GFManager,0.106,TF_IDF_11
Phonecall/SMSstorage,0.106,TF_IDF_11
Schedulepoweron&off,0.106,TF_IDF_11
vivoWallpaperRes,0.106,TF_IDF_11
GlobeAtHome,0.105,TF_IDF_10
vibrator4d,0.105,TF_IDF_10
Speedtest,0.105,TF_IDF_10
Autobootcontroller,0.105,TF_IDF_10
"""GameSpace""",0.105,TF_IDF_10
KidsSpace,0.105,TF_IDF_10
ClashofClans,0.105,TF_IDF_10
FwkPlugin,0.105,TF_IDF_10
Wirelessprojection,0.104,TF_IDF_10
AdobeAcrobat,0.104,TF_IDF_10
TouchPal,0.104,TF_IDF_10
PermissionControl,0.104,TF_IDF_10
TouchPalHandwritePack,0.104,TF_IDF_10
Bixbydictation,0.103,TF_IDF_10
MiConnect,0.103,TF_IDF_10
BackupandRestoreManager,0.103,TF_IDF_10
com.qualcomm.qti.qms.service.trustzoneaccess,0.103,TF_IDF_10
Misoperationprevention,0.103,TF_IDF_10
UpnpService,0.103,TF_IDF_10
SEMFactoryApp,0.102,TF_IDF_10
HiVoice,0.102,TF_IDF_10
SoloopCut,0.102,TF_IDF_10
Discord,0.102,TF_IDF_10
TNT,0.102,TF_IDF_10
Slideuptounlock,0.102,TF_IDF_10
SimProcessor,0.102,TF_IDF_10
MIUISDK,0.102,TF_IDF_10
Yellowpages,0.102,TF_IDF_10
PhoneMasterServices,0.102,TF_IDF_10
Createmovie,0.101,TF_IDF_10
Classroom,0.101,TF_IDF_10
Universalswitch,0.101,TF_IDF_10
KnoxBBCProvider,0.101,TF_IDF_10
VivoWallpaperRes,0.101,TF_IDF_10
TouchPalHinglishPack,0.101,TF_IDF_10
TouchPalKashmiriPack,0.101,TF_IDF_10
TouchPalKonkani(Kannada)Pack,0.101,TF_IDF_10
TouchPalKonkaniPack,0.101,TF_IDF_10
TouchPalDogriPack,0.101,TF_IDF_10
TouchPalBodoPack,0.101,TF_IDF_10
TouchPalSindhiPack,0.101,TF_IDF_10
AutoDoodle,0.1,TF_IDF_10
Authenticator,0.1,TF_IDF_10
iWantTFC,0.1,TF_IDF_10
Bokeh,0.1,TF_IDF_10
Kumu,0.1,TF_IDF_10
SamsungDLPService,0.1,TF_IDF_10
Systemupgradeservices,0.1,TF_IDF_10
TouchPalTurkishPack,0.1,TF_IDF_10
Screencapturetools,0.1,TF_IDF_10
Specialimageeffects,0.1,TF_IDF_10
AudioEffect,0.1,TF_IDF_10
NovatekMPselftestV3.5,0.1,TF_IDF_10